{
    "gender" : 0,
    "id"    :   1,
    "Aérea" : [[55,15],[60,20],[65,15],[60,10],
                [60,15],[55,10],[60,15],[65,20],
                [70,25],[130,130],[130,130],[130,130],
                [130,130],[130,130],[130,130]],
    "Ósea" : [[15,15],[15,20],[15,15],[15,10],
                [20,15],[20,10],[25,15],[25,20],
                [25,25],[130,130],[130,130],[130,130],
                [130,130],[130,130],[130,130]],
    "LDL" : [[130,130],[130,130],[130,130],[130,130],
                [130,110],[130,110],[130,110],[130,130],
                [130,130],[130,130],[130,130],[130,130],
                [130,130],[130,130],[130,130]],
    "Aérea_mkg" :[[60,15],[65,20],[70,15],[70,10],
                [65,15],[55,10],[60,15],[65,20],
                [70,25],[130,130],[130,130],[130,130],
                [130,130],[130,130],[130,130]],
    "Ósea_mkg" : [[20,15],[20,20],[20,15],[20,10],
                [25,15],[25,10],[30,15],[30,20],
                [30,25],[130,130],[130,130],[130,130],
                [130,130],[130,130],[130,130]],
    "Z_OD": "N",
    "Z_OI": "A",
    "volume" : [3.8,1,"N/D"]
}