{
    "gender" : 0,
    "id"    :   2,
    "Aérea" : [[10,45],[10,50],[10,50],[10,40],
                [15,25],[5,20],[10,15],[10,20],
                [15,15],[130,130],[130,130],[130,130],
                [130,130],[130,130],[130,130]],
    "Ósea" : [[10,0],[10,0],[10,5],[19,5],
                [15,5],[5,10],[10,5],[10,5],
                [15,5],[130,130],[130,130],[130,130],
                [130,130],[130,130],[130,130]],
    "LDL" : [[130,130],[130,130],[130,130],[130,130],
                [130,110],[130,110],[130,110],[130,130],
                [130,130],[130,130],[130,130],[130,130],
                [130,130],[130,130],[130,130]],
    "Aérea_mkg" :[  [10,50],[10,55],[10,50],[10,40],
                    [15,25],[5,20],[10,15],[10,20],
                    [15,15],[130,130],[130,130],[130,130],
                    [130,130],[130,130],[130,130]],
    "Ósea_mkg" : [[10,15],[10,15],[10,15],[19,20],
                    [15,10],[5,5],[10,5],[10,5],
                    [15,5],[130,130],[130,130],[130,130],
                    [130,130],[130,130],[130,130]],
    "Z_OD": "A",
    "Z_OI": "A",
    "volume" : [1,1,"N/D"]
}