{
"keyboard_shortcuts" : ["W","S","O","L"],
"intency_dict" : {"125": [[[-15,100],[120]], [[0,40],[50]], [[0,100],[120]]],
                "250": [[[-15,100],[120]], [[0,45],[60]], [[0,100],[120]]],
                "500": [[[-15,100],[120]], [[0,50],[60]], [[0,100],[120]]],
                "1000": [[[-15,100],[120]], [[0,100],[100]], [[0,100],[120]]],
                "2000": [[[-15,100],[120]], [[0,100],[100]], [[0,100],[120]]],
                "3000": [[[-15,100],[120]], [[0,100],[100]], [[0,100],[120]]],
                "4000": [[[-15,100],[120]], [[0,100],[100]], [[0,100],[120]]],
                "6000": [[[-15,100],[120]], [[0,100],[100]], [[0,100],[120]]],
                "8000": [[[-15,100],[120]], [[0,100],[100]], [[0,100],[120]]],
                "9000": [[[-15,65],[65]], [[0,65],[65]], [[0,65],[65]]],
                "10000": [[[-15,75],[75]], [[0,75],[75]], [[0,75],[120]]],
                "11200": [[[-15,100],[120]], [[0,100],[100]], [[0,100],[75]]],
                "12500": [[[-15,100],[100]], [[0,100],[100]], [[0,100],[100]]],
                "14000": [[[-15,60],[60]], [[0,60],[60]], [[0,60],[60]]],
                "16000": [[[-15,40],[40]], [[0,40],[40]], [[0,40],[40]]],
                "LOGO": [[[-15,100],[120]], [[0,100],[100]], [[0,100],[120]]],
                "MKG": [[[-15,100],[120]], [[0,100],[100]], [[0,100],[120]]]
                },
 
"frecuency_dict" : {
    "Umbrales": [
        [[125,8000],[3000,6000],[9000, 10000, 11200, 12500, 14000, 16000]],
        [[125,4000],[3000,6000],[]],
        [[250,8000],[3000,6000],[]]
    ]},
"output_list" : ["Derecha","Izquierda","Simultáneo"],
"stim_list" : ["Tono","FM","Habla","Narrow Band Noise","Withe Noise",
    "Speech Noise", "Pink Noise"],
"stim_list_short" : ["NBN","WN","SN","PN"],
"test_list" : ["Umbrales", "Logoaudiometría"],
"trans_list" : ["Aérea", "Oséa", "Campo libre"],
"reverse_list" : ["Normal","Invertido"],
"tone_list" : ["Continuo", "Pulsado","Alternado"],
"pulsatile_time" : [50,50],
"alternate_time" : [7,3],

"series_response":{
    "series_100":[
        [true,true,true,true,true],
        [true,true,true,true,true],
        [true,true,true,true,true]
    ],
    "series_75":[
        [true,false,true,false,true],
        [false,true,true,true,false],
        [true,true,false,true,true]
    ],
    "series_50":[
        [true,false,false,false,true],
        [true,false,false,true,false],
        [false,true,false,false,true]
    ],
    "series_25":[
        [false,true,false,false,false],
        [true,false,false,false,false],
        [false,false,true,false,false]
    ],
    "series_0":[
        [false,false,false,false,false],
        [false,false,false,false,false],
        [false,false,false,false,false]
    ]
},

"response_color" : ["background-color: rgb(170, 170, 255);  color : rgb(255, 0, 0);",
    "background-color: rgb(255, 255, 255);  color : rgb(255, 0, 0);"]


}