{
    "title" : "Laboratorio de simulación Audiológico",
    "title_short" : "LabSim:Audio",
    "title_2" : "Lab. de simulación Audiológico",
    "file"  : "Archivo",
    "toolbar" : "Herramientas",
    "open_scenario" : "Abrir Escenario",
    "connect" : "Conectarse...",
    "exit" : "Salir",
    "help" : "Ayuda",
    "about" : "Acerca de..",
    "msg_about" :[
        "AudioSim es un sistema de simulación de evaluaciones auditivas con aires de muy poco código.<p>",
        "Esta es aún una versión BETA asi que apenas funciona, una lástima, pero vealo como una propuesta de interés.<p>",
        "Si usted no posee una cuenta o un archivo de pruebas contacte con: Nicolás Quezada Baier (<a href='mailto:david.avila@uach.cl'>david.avila@uach.cl</a>)"
       ],
    "error" : "ERROR",
    "warning" : "Advertencia",
    "alert" : "Alerta",
    "error_login_01" : "Debe ingresar los datos",
    "error_login_02" : "Datos incorrectos",
    "error_login_03" : "El escenario no existe",
    "error_login_04" : "El archivo esta caducado",
    "error_login_05" : "Debe ingresar un código",
    "error_login_06" : "Archivo incorrecto",
    "alert_login_01" : "Tu cuenta a caducado, ponte en contacto con soporte",
    "alert_login_02" : "Tu Versión del software esta desactualizada."
    
    




    }