{
  "L_P": {
    "Dísilabos": {
      "Palacios": {
        "1": [
          "verde",
          "aire",
          "joya",
          "queso",
          "bronce",
          "campo",
          "lana",
          "dedo",
          "chispa",
          "lentes",
          "hilo",
          "cuentas",
          "gente",
          "mango",
          "nadie",
          "pila",
          "resta",
          "fibra",
          "sueldo",
          "doce",
          "serio",
          "nunca",
          "lima",
          "susto",
          "extra"
        ],
        "2": [
          "leña",
          "parque",
          "grano",
          "leyes",
          "balde",
          "rueda",
          "cinco",
          "viaje",
          "falda",
          "dientes",
          "micro",
          "chicle",
          "mundo",
          "once",
          "piso",
          "risa",
          "meses",
          "santo",
          "trueno",
          "pasto",
          "alga",
          "suerte",
          "tía",
          "bono",
          "rienda"
        ]
      }
    }
  }
}
